run_id,run_number,started_at,profile_id,profile_name,host_os,host_arch,implementation,language,variant,case_id,warmup,repeat_index,iterations,parallel_chains,loop_trip_count,remainder,timer_kind,elapsed_ns,ns_per_iteration,ns_per_add,legacy_cycles,legacy_cycles_per_iteration,legacy_cycles_per_add,result_checksum,requested_priority_mode,requested_affinity_mode,applied_priority_mode,applied_affinity_mode,scheduler_notes,pid,tid,runtime_name,runtime_source,status,log_file,raw_file,error_message,platform_extras_json
run01_19_30_15_04_26,1,2026-04-15T19:30:34,stress,Stress,macos,arm64,c_native,c,native,stress_four,true,1,750000,4,187500,0,clock_gettime_ns,237000,0.316,0.158,,,,17898040796590727156,high,single_core,unsupported,unsupported,best-effort scheduler controls unavailable on this host,93628,8235830272,native,bundled,success,runs/run01_19_30_15_04_26/raw/c_native__stress_four__warmup_1.log,runs/run01_19_30_15_04_26/raw/c_native__stress_four__warmup_1.log,,"{""counter_frequency"": 0}"
run01_19_30_15_04_26,1,2026-04-15T19:30:34,stress,Stress,macos,arm64,c_native,c,native,stress_four,true,2,750000,4,187500,0,clock_gettime_ns,238000,0.317333,0.158667,,,,17898040796590727156,high,single_core,unsupported,unsupported,best-effort scheduler controls unavailable on this host,93635,8235830272,native,bundled,success,runs/run01_19_30_15_04_26/raw/c_native__stress_four__warmup_2.log,runs/run01_19_30_15_04_26/raw/c_native__stress_four__warmup_2.log,,"{""counter_frequency"": 0}"
run01_19_30_15_04_26,1,2026-04-15T19:30:34,stress,Stress,macos,arm64,c_native,c,native,stress_four,false,1,750000,4,187500,0,clock_gettime_ns,238000,0.317333,0.158667,,,,17898040796590727156,high,single_core,unsupported,unsupported,best-effort scheduler controls unavailable on this host,93636,8235830272,native,bundled,success,runs/run01_19_30_15_04_26/raw/c_native__stress_four__repeat_1.log,runs/run01_19_30_15_04_26/raw/c_native__stress_four__repeat_1.log,,"{""counter_frequency"": 0}"
run01_19_30_15_04_26,1,2026-04-15T19:30:34,stress,Stress,macos,arm64,c_native,c,native,stress_four,false,2,750000,4,187500,0,clock_gettime_ns,237000,0.316,0.158,,,,17898040796590727156,high,single_core,unsupported,unsupported,best-effort scheduler controls unavailable on this host,93637,8235830272,native,bundled,success,runs/run01_19_30_15_04_26/raw/c_native__stress_four__repeat_2.log,runs/run01_19_30_15_04_26/raw/c_native__stress_four__repeat_2.log,,"{""counter_frequency"": 0}"
run01_19_30_15_04_26,1,2026-04-15T19:30:34,stress,Stress,macos,arm64,c_native,c,native,stress_four,false,3,750000,4,187500,0,clock_gettime_ns,237000,0.316,0.158,,,,17898040796590727156,high,single_core,unsupported,unsupported,best-effort scheduler controls unavailable on this host,93638,8235830272,native,bundled,success,runs/run01_19_30_15_04_26/raw/c_native__stress_four__repeat_3.log,runs/run01_19_30_15_04_26/raw/c_native__stress_four__repeat_3.log,,"{""counter_frequency"": 0}"
run01_19_30_15_04_26,1,2026-04-15T19:30:34,stress,Stress,macos,arm64,c_native,c,native,stress_four,false,4,750000,4,187500,0,clock_gettime_ns,237000,0.316,0.158,,,,17898040796590727156,high,single_core,unsupported,unsupported,best-effort scheduler controls unavailable on this host,93639,8235830272,native,bundled,success,runs/run01_19_30_15_04_26/raw/c_native__stress_four__repeat_4.log,runs/run01_19_30_15_04_26/raw/c_native__stress_four__repeat_4.log,,"{""counter_frequency"": 0}"
run01_19_30_15_04_26,1,2026-04-15T19:30:34,stress,Stress,macos,arm64,c_native,c,native,stress_four,false,5,750000,4,187500,0,clock_gettime_ns,238000,0.317333,0.158667,,,,17898040796590727156,high,single_core,unsupported,unsupported,best-effort scheduler controls unavailable on this host,93640,8235830272,native,bundled,success,runs/run01_19_30_15_04_26/raw/c_native__stress_four__repeat_5.log,runs/run01_19_30_15_04_26/raw/c_native__stress_four__repeat_5.log,,"{""counter_frequency"": 0}"
run01_19_30_15_04_26,1,2026-04-15T19:30:34,stress,Stress,macos,arm64,c_native,c,native,stress_eight,true,1,1500000,8,187500,0,clock_gettime_ns,332000,0.221333,0.110667,,,,11012296928664784958,high,single_core,unsupported,unsupported,best-effort scheduler controls unavailable on this host,93641,8235830272,native,bundled,success,runs/run01_19_30_15_04_26/raw/c_native__stress_eight__warmup_1.log,runs/run01_19_30_15_04_26/raw/c_native__stress_eight__warmup_1.log,,"{""counter_frequency"": 0}"
run01_19_30_15_04_26,1,2026-04-15T19:30:34,stress,Stress,macos,arm64,c_native,c,native,stress_eight,true,2,1500000,8,187500,0,clock_gettime_ns,331000,0.220667,0.110333,,,,11012296928664784958,high,single_core,unsupported,unsupported,best-effort scheduler controls unavailable on this host,93642,8235830272,native,bundled,success,runs/run01_19_30_15_04_26/raw/c_native__stress_eight__warmup_2.log,runs/run01_19_30_15_04_26/raw/c_native__stress_eight__warmup_2.log,,"{""counter_frequency"": 0}"
run01_19_30_15_04_26,1,2026-04-15T19:30:34,stress,Stress,macos,arm64,c_native,c,native,stress_eight,false,1,1500000,8,187500,0,clock_gettime_ns,332000,0.221333,0.110667,,,,11012296928664784958,high,single_core,unsupported,unsupported,best-effort scheduler controls unavailable on this host,93643,8235830272,native,bundled,success,runs/run01_19_30_15_04_26/raw/c_native__stress_eight__repeat_1.log,runs/run01_19_30_15_04_26/raw/c_native__stress_eight__repeat_1.log,,"{""counter_frequency"": 0}"
run01_19_30_15_04_26,1,2026-04-15T19:30:34,stress,Stress,macos,arm64,c_native,c,native,stress_eight,false,2,1500000,8,187500,0,clock_gettime_ns,332000,0.221333,0.110667,,,,11012296928664784958,high,single_core,unsupported,unsupported,best-effort scheduler controls unavailable on this host,93644,8235830272,native,bundled,success,runs/run01_19_30_15_04_26/raw/c_native__stress_eight__repeat_2.log,runs/run01_19_30_15_04_26/raw/c_native__stress_eight__repeat_2.log,,"{""counter_frequency"": 0}"
run01_19_30_15_04_26,1,2026-04-15T19:30:34,stress,Stress,macos,arm64,c_native,c,native,stress_eight,false,3,1500000,8,187500,0,clock_gettime_ns,331000,0.220667,0.110333,,,,11012296928664784958,high,single_core,unsupported,unsupported,best-effort scheduler controls unavailable on this host,93645,8235830272,native,bundled,success,runs/run01_19_30_15_04_26/raw/c_native__stress_eight__repeat_3.log,runs/run01_19_30_15_04_26/raw/c_native__stress_eight__repeat_3.log,,"{""counter_frequency"": 0}"
run01_19_30_15_04_26,1,2026-04-15T19:30:34,stress,Stress,macos,arm64,c_native,c,native,stress_eight,false,4,1500000,8,187500,0,clock_gettime_ns,510000,0.34,0.17,,,,11012296928664784958,high,single_core,unsupported,unsupported,best-effort scheduler controls unavailable on this host,93646,8235830272,native,bundled,success,runs/run01_19_30_15_04_26/raw/c_native__stress_eight__repeat_4.log,runs/run01_19_30_15_04_26/raw/c_native__stress_eight__repeat_4.log,,"{""counter_frequency"": 0}"
run01_19_30_15_04_26,1,2026-04-15T19:30:34,stress,Stress,macos,arm64,c_native,c,native,stress_eight,false,5,1500000,8,187500,0,clock_gettime_ns,331000,0.220667,0.110333,,,,11012296928664784958,high,single_core,unsupported,unsupported,best-effort scheduler controls unavailable on this host,93647,8235830272,native,bundled,success,runs/run01_19_30_15_04_26/raw/c_native__stress_eight__repeat_5.log,runs/run01_19_30_15_04_26/raw/c_native__stress_eight__repeat_5.log,,"{""counter_frequency"": 0}"
run01_19_30_15_04_26,1,2026-04-15T19:30:34,stress,Stress,macos,arm64,python_sloppy,python,sloppy,stress_four,true,1,750000,4,187500,0,perf_counter_ns,189301125,252.4015,126.20075,,,,17898040796590727156,high,single_core,unsupported,unsupported,priority elevation unavailable; affinity control unavailable,93648,20646922,python,system,success,runs/run01_19_30_15_04_26/raw/python_sloppy__stress_four__warmup_1.log,runs/run01_19_30_15_04_26/raw/python_sloppy__stress_four__warmup_1.log,,{}
run01_19_30_15_04_26,1,2026-04-15T19:30:34,stress,Stress,macos,arm64,python_sloppy,python,sloppy,stress_four,true,2,750000,4,187500,0,perf_counter_ns,171432167,228.57622266666667,114.28811133333333,,,,17898040796590727156,high,single_core,unsupported,unsupported,priority elevation unavailable; affinity control unavailable,93652,20646953,python,system,success,runs/run01_19_30_15_04_26/raw/python_sloppy__stress_four__warmup_2.log,runs/run01_19_30_15_04_26/raw/python_sloppy__stress_four__warmup_2.log,,{}
run01_19_30_15_04_26,1,2026-04-15T19:30:34,stress,Stress,macos,arm64,python_sloppy,python,sloppy,stress_four,false,1,750000,4,187500,0,perf_counter_ns,168995084,225.32677866666666,112.66338933333333,,,,17898040796590727156,high,single_core,unsupported,unsupported,priority elevation unavailable; affinity control unavailable,93657,20646978,python,system,success,runs/run01_19_30_15_04_26/raw/python_sloppy__stress_four__repeat_1.log,runs/run01_19_30_15_04_26/raw/python_sloppy__stress_four__repeat_1.log,,{}
run01_19_30_15_04_26,1,2026-04-15T19:30:34,stress,Stress,macos,arm64,python_sloppy,python,sloppy,stress_four,false,2,750000,4,187500,0,perf_counter_ns,196014667,261.35288933333334,130.67644466666667,,,,17898040796590727156,high,single_core,unsupported,unsupported,priority elevation unavailable; affinity control unavailable,93658,20646981,python,system,success,runs/run01_19_30_15_04_26/raw/python_sloppy__stress_four__repeat_2.log,runs/run01_19_30_15_04_26/raw/python_sloppy__stress_four__repeat_2.log,,{}
run01_19_30_15_04_26,1,2026-04-15T19:30:34,stress,Stress,macos,arm64,python_sloppy,python,sloppy,stress_four,false,3,750000,4,187500,0,perf_counter_ns,190493125,253.99083333333334,126.99541666666667,,,,17898040796590727156,high,single_core,unsupported,unsupported,priority elevation unavailable; affinity control unavailable,93659,20646984,python,system,success,runs/run01_19_30_15_04_26/raw/python_sloppy__stress_four__repeat_3.log,runs/run01_19_30_15_04_26/raw/python_sloppy__stress_four__repeat_3.log,,{}
run01_19_30_15_04_26,1,2026-04-15T19:30:34,stress,Stress,macos,arm64,python_sloppy,python,sloppy,stress_four,false,4,750000,4,187500,0,perf_counter_ns,188533833,251.378444,125.689222,,,,17898040796590727156,high,single_core,unsupported,unsupported,priority elevation unavailable; affinity control unavailable,93660,20646987,python,system,success,runs/run01_19_30_15_04_26/raw/python_sloppy__stress_four__repeat_4.log,runs/run01_19_30_15_04_26/raw/python_sloppy__stress_four__repeat_4.log,,{}
run01_19_30_15_04_26,1,2026-04-15T19:30:34,stress,Stress,macos,arm64,python_sloppy,python,sloppy,stress_four,false,5,750000,4,187500,0,perf_counter_ns,169578083,226.10411066666666,113.05205533333333,,,,17898040796590727156,high,single_core,unsupported,unsupported,priority elevation unavailable; affinity control unavailable,93661,20646991,python,system,success,runs/run01_19_30_15_04_26/raw/python_sloppy__stress_four__repeat_5.log,runs/run01_19_30_15_04_26/raw/python_sloppy__stress_four__repeat_5.log,,{}
run01_19_30_15_04_26,1,2026-04-15T19:30:34,stress,Stress,macos,arm64,python_sloppy,python,sloppy,stress_eight,true,1,300000,8,37500,0,perf_counter_ns,67142209,223.80736333333334,111.90368166666667,,,,8309680536024677694,high,single_core,unsupported,unsupported,priority elevation unavailable; affinity control unavailable,93662,20646994,python,system,success,runs/run01_19_30_15_04_26/raw/python_sloppy__stress_eight__warmup_1.log,runs/run01_19_30_15_04_26/raw/python_sloppy__stress_eight__warmup_1.log,,{}
run01_19_30_15_04_26,1,2026-04-15T19:30:34,stress,Stress,macos,arm64,python_sloppy,python,sloppy,stress_eight,true,2,300000,8,37500,0,perf_counter_ns,66220916,220.73638666666668,110.36819333333334,,,,8309680536024677694,high,single_core,unsupported,unsupported,priority elevation unavailable; affinity control unavailable,93663,20646997,python,system,success,runs/run01_19_30_15_04_26/raw/python_sloppy__stress_eight__warmup_2.log,runs/run01_19_30_15_04_26/raw/python_sloppy__stress_eight__warmup_2.log,,{}
run01_19_30_15_04_26,1,2026-04-15T19:30:34,stress,Stress,macos,arm64,python_sloppy,python,sloppy,stress_eight,false,1,300000,8,37500,0,perf_counter_ns,95650083,318.83361,159.416805,,,,8309680536024677694,high,single_core,unsupported,unsupported,priority elevation unavailable; affinity control unavailable,93664,20647000,python,system,success,runs/run01_19_30_15_04_26/raw/python_sloppy__stress_eight__repeat_1.log,runs/run01_19_30_15_04_26/raw/python_sloppy__stress_eight__repeat_1.log,,{}
run01_19_30_15_04_26,1,2026-04-15T19:30:34,stress,Stress,macos,arm64,python_sloppy,python,sloppy,stress_eight,false,2,300000,8,37500,0,perf_counter_ns,74021708,246.73902666666666,123.36951333333333,,,,8309680536024677694,high,single_core,unsupported,unsupported,priority elevation unavailable; affinity control unavailable,93665,20647004,python,system,success,runs/run01_19_30_15_04_26/raw/python_sloppy__stress_eight__repeat_2.log,runs/run01_19_30_15_04_26/raw/python_sloppy__stress_eight__repeat_2.log,,{}
run01_19_30_15_04_26,1,2026-04-15T19:30:34,stress,Stress,macos,arm64,python_sloppy,python,sloppy,stress_eight,false,3,300000,8,37500,0,perf_counter_ns,74367708,247.89236,123.94618,,,,8309680536024677694,high,single_core,unsupported,unsupported,priority elevation unavailable; affinity control unavailable,93666,20647007,python,system,success,runs/run01_19_30_15_04_26/raw/python_sloppy__stress_eight__repeat_3.log,runs/run01_19_30_15_04_26/raw/python_sloppy__stress_eight__repeat_3.log,,{}
run01_19_30_15_04_26,1,2026-04-15T19:30:34,stress,Stress,macos,arm64,python_sloppy,python,sloppy,stress_eight,false,4,300000,8,37500,0,perf_counter_ns,95247834,317.49278,158.74639,,,,8309680536024677694,high,single_core,unsupported,unsupported,priority elevation unavailable; affinity control unavailable,93667,20647010,python,system,success,runs/run01_19_30_15_04_26/raw/python_sloppy__stress_eight__repeat_4.log,runs/run01_19_30_15_04_26/raw/python_sloppy__stress_eight__repeat_4.log,,{}
run01_19_30_15_04_26,1,2026-04-15T19:30:34,stress,Stress,macos,arm64,python_sloppy,python,sloppy,stress_eight,false,5,300000,8,37500,0,perf_counter_ns,73861166,246.20388666666668,123.10194333333334,,,,8309680536024677694,high,single_core,unsupported,unsupported,priority elevation unavailable; affinity control unavailable,93668,20647013,python,system,success,runs/run01_19_30_15_04_26/raw/python_sloppy__stress_eight__repeat_5.log,runs/run01_19_30_15_04_26/raw/python_sloppy__stress_eight__repeat_5.log,,{}
run01_19_30_15_04_26,1,2026-04-15T19:30:34,stress,Stress,macos,arm64,python_optimized,python,optimized,stress_four,true,1,750000,4,187500,0,perf_counter_ns,142228042,189.63738933333335,94.81869466666667,,,,17898040796590727156,high,single_core,unsupported,unsupported,priority elevation unavailable; affinity control unavailable,93669,20647016,python,system,success,runs/run01_19_30_15_04_26/raw/python_optimized__stress_four__warmup_1.log,runs/run01_19_30_15_04_26/raw/python_optimized__stress_four__warmup_1.log,,{}
run01_19_30_15_04_26,1,2026-04-15T19:30:34,stress,Stress,macos,arm64,python_optimized,python,optimized,stress_four,true,2,750000,4,187500,0,perf_counter_ns,144306292,192.40838933333333,96.20419466666667,,,,17898040796590727156,high,single_core,unsupported,unsupported,priority elevation unavailable; affinity control unavailable,93670,20647019,python,system,success,runs/run01_19_30_15_04_26/raw/python_optimized__stress_four__warmup_2.log,runs/run01_19_30_15_04_26/raw/python_optimized__stress_four__warmup_2.log,,{}
run01_19_30_15_04_26,1,2026-04-15T19:30:34,stress,Stress,macos,arm64,python_optimized,python,optimized,stress_four,false,1,750000,4,187500,0,perf_counter_ns,142728417,190.304556,95.152278,,,,17898040796590727156,high,single_core,unsupported,unsupported,priority elevation unavailable; affinity control unavailable,93671,20647030,python,system,success,runs/run01_19_30_15_04_26/raw/python_optimized__stress_four__repeat_1.log,runs/run01_19_30_15_04_26/raw/python_optimized__stress_four__repeat_1.log,,{}
run01_19_30_15_04_26,1,2026-04-15T19:30:34,stress,Stress,macos,arm64,python_optimized,python,optimized,stress_four,false,2,750000,4,187500,0,perf_counter_ns,165481292,220.64172266666668,110.32086133333334,,,,17898040796590727156,high,single_core,unsupported,unsupported,priority elevation unavailable; affinity control unavailable,93672,20647033,python,system,success,runs/run01_19_30_15_04_26/raw/python_optimized__stress_four__repeat_2.log,runs/run01_19_30_15_04_26/raw/python_optimized__stress_four__repeat_2.log,,{}
run01_19_30_15_04_26,1,2026-04-15T19:30:34,stress,Stress,macos,arm64,python_optimized,python,optimized,stress_four,false,3,750000,4,187500,0,perf_counter_ns,167722334,223.62977866666665,111.81488933333333,,,,17898040796590727156,high,single_core,unsupported,unsupported,priority elevation unavailable; affinity control unavailable,93673,20647039,python,system,success,runs/run01_19_30_15_04_26/raw/python_optimized__stress_four__repeat_3.log,runs/run01_19_30_15_04_26/raw/python_optimized__stress_four__repeat_3.log,,{}
run01_19_30_15_04_26,1,2026-04-15T19:30:34,stress,Stress,macos,arm64,python_optimized,python,optimized,stress_four,false,4,750000,4,187500,0,perf_counter_ns,161557708,215.41027733333334,107.70513866666667,,,,17898040796590727156,high,single_core,unsupported,unsupported,priority elevation unavailable; affinity control unavailable,93674,20647042,python,system,success,runs/run01_19_30_15_04_26/raw/python_optimized__stress_four__repeat_4.log,runs/run01_19_30_15_04_26/raw/python_optimized__stress_four__repeat_4.log,,{}
run01_19_30_15_04_26,1,2026-04-15T19:30:34,stress,Stress,macos,arm64,python_optimized,python,optimized,stress_four,false,5,750000,4,187500,0,perf_counter_ns,166580625,222.1075,111.05375,,,,17898040796590727156,high,single_core,unsupported,unsupported,priority elevation unavailable; affinity control unavailable,93675,20647046,python,system,success,runs/run01_19_30_15_04_26/raw/python_optimized__stress_four__repeat_5.log,runs/run01_19_30_15_04_26/raw/python_optimized__stress_four__repeat_5.log,,{}
run01_19_30_15_04_26,1,2026-04-15T19:30:34,stress,Stress,macos,arm64,python_optimized,python,optimized,stress_eight,true,1,1500000,8,187500,0,perf_counter_ns,524055584,349.3703893333333,174.68519466666666,,,,11012296928664784958,high,single_core,unsupported,unsupported,priority elevation unavailable; affinity control unavailable,93676,20647052,python,system,success,runs/run01_19_30_15_04_26/raw/python_optimized__stress_eight__warmup_1.log,runs/run01_19_30_15_04_26/raw/python_optimized__stress_eight__warmup_1.log,,{}
run01_19_30_15_04_26,1,2026-04-15T19:30:34,stress,Stress,macos,arm64,python_optimized,python,optimized,stress_eight,true,2,1500000,8,187500,0,perf_counter_ns,507198375,338.13225,169.066125,,,,11012296928664784958,high,single_core,unsupported,unsupported,priority elevation unavailable; affinity control unavailable,93677,20647057,python,system,success,runs/run01_19_30_15_04_26/raw/python_optimized__stress_eight__warmup_2.log,runs/run01_19_30_15_04_26/raw/python_optimized__stress_eight__warmup_2.log,,{}
run01_19_30_15_04_26,1,2026-04-15T19:30:34,stress,Stress,macos,arm64,python_optimized,python,optimized,stress_eight,false,1,1500000,8,187500,0,perf_counter_ns,482184292,321.45619466666665,160.72809733333332,,,,11012296928664784958,high,single_core,unsupported,unsupported,priority elevation unavailable; affinity control unavailable,93678,20647063,python,system,success,runs/run01_19_30_15_04_26/raw/python_optimized__stress_eight__repeat_1.log,runs/run01_19_30_15_04_26/raw/python_optimized__stress_eight__repeat_1.log,,{}
run01_19_30_15_04_26,1,2026-04-15T19:30:34,stress,Stress,macos,arm64,python_optimized,python,optimized,stress_eight,false,2,1500000,8,187500,0,perf_counter_ns,516778542,344.519028,172.259514,,,,11012296928664784958,high,single_core,unsupported,unsupported,priority elevation unavailable; affinity control unavailable,93679,20647066,python,system,success,runs/run01_19_30_15_04_26/raw/python_optimized__stress_eight__repeat_2.log,runs/run01_19_30_15_04_26/raw/python_optimized__stress_eight__repeat_2.log,,{}
run01_19_30_15_04_26,1,2026-04-15T19:30:34,stress,Stress,macos,arm64,python_optimized,python,optimized,stress_eight,false,3,1500000,8,187500,0,perf_counter_ns,503462709,335.641806,167.820903,,,,11012296928664784958,high,single_core,unsupported,unsupported,priority elevation unavailable; affinity control unavailable,93680,20647071,python,system,success,runs/run01_19_30_15_04_26/raw/python_optimized__stress_eight__repeat_3.log,runs/run01_19_30_15_04_26/raw/python_optimized__stress_eight__repeat_3.log,,{}
run01_19_30_15_04_26,1,2026-04-15T19:30:34,stress,Stress,macos,arm64,python_optimized,python,optimized,stress_eight,false,4,1500000,8,187500,0,perf_counter_ns,491518042,327.6786946666667,163.83934733333334,,,,11012296928664784958,high,single_core,unsupported,unsupported,priority elevation unavailable; affinity control unavailable,93681,20647074,python,system,success,runs/run01_19_30_15_04_26/raw/python_optimized__stress_eight__repeat_4.log,runs/run01_19_30_15_04_26/raw/python_optimized__stress_eight__repeat_4.log,,{}
run01_19_30_15_04_26,1,2026-04-15T19:30:34,stress,Stress,macos,arm64,python_optimized,python,optimized,stress_eight,false,5,1500000,8,187500,0,perf_counter_ns,495667375,330.44491666666664,165.22245833333332,,,,11012296928664784958,high,single_core,unsupported,unsupported,priority elevation unavailable; affinity control unavailable,93682,20647080,python,system,success,runs/run01_19_30_15_04_26/raw/python_optimized__stress_eight__repeat_5.log,runs/run01_19_30_15_04_26/raw/python_optimized__stress_eight__repeat_5.log,,{}
run01_19_30_15_04_26,1,2026-04-15T19:30:34,stress,Stress,macos,arm64,node_sloppy,node,sloppy,stress_four,true,1,750000,4,187500,0,hrtime_ns,73784000,98.37866666666666,49.18933333333333,,,,17898040796590727156,high,single_core,unsupported,unsupported,Node runtime uses controller-side best effort only,93683,0,node,system,success,runs/run01_19_30_15_04_26/raw/node_sloppy__stress_four__warmup_1.log,runs/run01_19_30_15_04_26/raw/node_sloppy__stress_four__warmup_1.log,,{}
run01_19_30_15_04_26,1,2026-04-15T19:30:34,stress,Stress,macos,arm64,node_sloppy,node,sloppy,stress_four,true,2,750000,4,187500,0,hrtime_ns,89329250,119.10566666666666,59.55283333333333,,,,17898040796590727156,high,single_core,unsupported,unsupported,Node runtime uses controller-side best effort only,93684,0,node,system,success,runs/run01_19_30_15_04_26/raw/node_sloppy__stress_four__warmup_2.log,runs/run01_19_30_15_04_26/raw/node_sloppy__stress_four__warmup_2.log,,{}
run01_19_30_15_04_26,1,2026-04-15T19:30:34,stress,Stress,macos,arm64,node_sloppy,node,sloppy,stress_four,false,1,750000,4,187500,0,hrtime_ns,67472667,89.963556,44.981778,,,,17898040796590727156,high,single_core,unsupported,unsupported,Node runtime uses controller-side best effort only,93685,0,node,system,success,runs/run01_19_30_15_04_26/raw/node_sloppy__stress_four__repeat_1.log,runs/run01_19_30_15_04_26/raw/node_sloppy__stress_four__repeat_1.log,,{}
run01_19_30_15_04_26,1,2026-04-15T19:30:34,stress,Stress,macos,arm64,node_sloppy,node,sloppy,stress_four,false,2,750000,4,187500,0,hrtime_ns,66766458,89.021944,44.510972,,,,17898040796590727156,high,single_core,unsupported,unsupported,Node runtime uses controller-side best effort only,93686,0,node,system,success,runs/run01_19_30_15_04_26/raw/node_sloppy__stress_four__repeat_2.log,runs/run01_19_30_15_04_26/raw/node_sloppy__stress_four__repeat_2.log,,{}
run01_19_30_15_04_26,1,2026-04-15T19:30:34,stress,Stress,macos,arm64,node_sloppy,node,sloppy,stress_four,false,3,750000,4,187500,0,hrtime_ns,66278958,88.371944,44.185972,,,,17898040796590727156,high,single_core,unsupported,unsupported,Node runtime uses controller-side best effort only,93687,0,node,system,success,runs/run01_19_30_15_04_26/raw/node_sloppy__stress_four__repeat_3.log,runs/run01_19_30_15_04_26/raw/node_sloppy__stress_four__repeat_3.log,,{}
run01_19_30_15_04_26,1,2026-04-15T19:30:34,stress,Stress,macos,arm64,node_sloppy,node,sloppy,stress_four,false,4,750000,4,187500,0,hrtime_ns,66360375,88.4805,44.24025,,,,17898040796590727156,high,single_core,unsupported,unsupported,Node runtime uses controller-side best effort only,93688,0,node,system,success,runs/run01_19_30_15_04_26/raw/node_sloppy__stress_four__repeat_4.log,runs/run01_19_30_15_04_26/raw/node_sloppy__stress_four__repeat_4.log,,{}
run01_19_30_15_04_26,1,2026-04-15T19:30:34,stress,Stress,macos,arm64,node_sloppy,node,sloppy,stress_four,false,5,750000,4,187500,0,hrtime_ns,89322375,119.0965,59.54825,,,,17898040796590727156,high,single_core,unsupported,unsupported,Node runtime uses controller-side best effort only,93689,0,node,system,success,runs/run01_19_30_15_04_26/raw/node_sloppy__stress_four__repeat_5.log,runs/run01_19_30_15_04_26/raw/node_sloppy__stress_four__repeat_5.log,,{}
run01_19_30_15_04_26,1,2026-04-15T19:30:34,stress,Stress,macos,arm64,node_sloppy,node,sloppy,stress_eight,true,1,300000,8,37500,0,hrtime_ns,29086708,96.95569333333333,48.477846666666665,,,,8309680536024677694,high,single_core,unsupported,unsupported,Node runtime uses controller-side best effort only,93690,0,node,system,success,runs/run01_19_30_15_04_26/raw/node_sloppy__stress_eight__warmup_1.log,runs/run01_19_30_15_04_26/raw/node_sloppy__stress_eight__warmup_1.log,,{}
run01_19_30_15_04_26,1,2026-04-15T19:30:34,stress,Stress,macos,arm64,node_sloppy,node,sloppy,stress_eight,true,2,300000,8,37500,0,hrtime_ns,33094542,110.31514,55.15757,,,,8309680536024677694,high,single_core,unsupported,unsupported,Node runtime uses controller-side best effort only,93691,0,node,system,success,runs/run01_19_30_15_04_26/raw/node_sloppy__stress_eight__warmup_2.log,runs/run01_19_30_15_04_26/raw/node_sloppy__stress_eight__warmup_2.log,,{}
run01_19_30_15_04_26,1,2026-04-15T19:30:34,stress,Stress,macos,arm64,node_sloppy,node,sloppy,stress_eight,false,1,300000,8,37500,0,hrtime_ns,31124792,103.74930666666667,51.874653333333335,,,,8309680536024677694,high,single_core,unsupported,unsupported,Node runtime uses controller-side best effort only,93692,0,node,system,success,runs/run01_19_30_15_04_26/raw/node_sloppy__stress_eight__repeat_1.log,runs/run01_19_30_15_04_26/raw/node_sloppy__stress_eight__repeat_1.log,,{}
run01_19_30_15_04_26,1,2026-04-15T19:30:34,stress,Stress,macos,arm64,node_sloppy,node,sloppy,stress_eight,false,2,300000,8,37500,0,hrtime_ns,38507125,128.35708333333332,64.17854166666666,,,,8309680536024677694,high,single_core,unsupported,unsupported,Node runtime uses controller-side best effort only,93693,0,node,system,success,runs/run01_19_30_15_04_26/raw/node_sloppy__stress_eight__repeat_2.log,runs/run01_19_30_15_04_26/raw/node_sloppy__stress_eight__repeat_2.log,,{}
run01_19_30_15_04_26,1,2026-04-15T19:30:34,stress,Stress,macos,arm64,node_sloppy,node,sloppy,stress_eight,false,3,300000,8,37500,0,hrtime_ns,37336791,124.45597,62.227985,,,,8309680536024677694,high,single_core,unsupported,unsupported,Node runtime uses controller-side best effort only,93694,0,node,system,success,runs/run01_19_30_15_04_26/raw/node_sloppy__stress_eight__repeat_3.log,runs/run01_19_30_15_04_26/raw/node_sloppy__stress_eight__repeat_3.log,,{}
run01_19_30_15_04_26,1,2026-04-15T19:30:34,stress,Stress,macos,arm64,node_sloppy,node,sloppy,stress_eight,false,4,300000,8,37500,0,hrtime_ns,31194208,103.98069333333333,51.99034666666667,,,,8309680536024677694,high,single_core,unsupported,unsupported,Node runtime uses controller-side best effort only,93695,0,node,system,success,runs/run01_19_30_15_04_26/raw/node_sloppy__stress_eight__repeat_4.log,runs/run01_19_30_15_04_26/raw/node_sloppy__stress_eight__repeat_4.log,,{}
run01_19_30_15_04_26,1,2026-04-15T19:30:34,stress,Stress,macos,arm64,node_sloppy,node,sloppy,stress_eight,false,5,300000,8,37500,0,hrtime_ns,30967958,103.22652666666667,51.613263333333336,,,,8309680536024677694,high,single_core,unsupported,unsupported,Node runtime uses controller-side best effort only,93696,0,node,system,success,runs/run01_19_30_15_04_26/raw/node_sloppy__stress_eight__repeat_5.log,runs/run01_19_30_15_04_26/raw/node_sloppy__stress_eight__repeat_5.log,,{}
run01_19_30_15_04_26,1,2026-04-15T19:30:34,stress,Stress,macos,arm64,node_optimized,node,optimized,stress_four,true,1,750000,4,187500,0,hrtime_ns,85157584,113.54344533333334,56.77172266666667,,,,17898040796590727156,high,single_core,unsupported,unsupported,Node runtime uses controller-side best effort only,93697,0,node,system,success,runs/run01_19_30_15_04_26/raw/node_optimized__stress_four__warmup_1.log,runs/run01_19_30_15_04_26/raw/node_optimized__stress_four__warmup_1.log,,{}
run01_19_30_15_04_26,1,2026-04-15T19:30:34,stress,Stress,macos,arm64,node_optimized,node,optimized,stress_four,true,2,750000,4,187500,0,hrtime_ns,74657416,99.54322133333334,49.77161066666667,,,,17898040796590727156,high,single_core,unsupported,unsupported,Node runtime uses controller-side best effort only,93698,0,node,system,success,runs/run01_19_30_15_04_26/raw/node_optimized__stress_four__warmup_2.log,runs/run01_19_30_15_04_26/raw/node_optimized__stress_four__warmup_2.log,,{}
run01_19_30_15_04_26,1,2026-04-15T19:30:34,stress,Stress,macos,arm64,node_optimized,node,optimized,stress_four,false,1,750000,4,187500,0,hrtime_ns,98248584,130.998112,65.499056,,,,17898040796590727156,high,single_core,unsupported,unsupported,Node runtime uses controller-side best effort only,93699,0,node,system,success,runs/run01_19_30_15_04_26/raw/node_optimized__stress_four__repeat_1.log,runs/run01_19_30_15_04_26/raw/node_optimized__stress_four__repeat_1.log,,{}
run01_19_30_15_04_26,1,2026-04-15T19:30:34,stress,Stress,macos,arm64,node_optimized,node,optimized,stress_four,false,2,750000,4,187500,0,hrtime_ns,71051458,94.73527733333333,47.367638666666664,,,,17898040796590727156,high,single_core,unsupported,unsupported,Node runtime uses controller-side best effort only,93700,0,node,system,success,runs/run01_19_30_15_04_26/raw/node_optimized__stress_four__repeat_2.log,runs/run01_19_30_15_04_26/raw/node_optimized__stress_four__repeat_2.log,,{}
run01_19_30_15_04_26,1,2026-04-15T19:30:34,stress,Stress,macos,arm64,node_optimized,node,optimized,stress_four,false,3,750000,4,187500,0,hrtime_ns,63003375,84.0045,42.00225,,,,17898040796590727156,high,single_core,unsupported,unsupported,Node runtime uses controller-side best effort only,93701,0,node,system,success,runs/run01_19_30_15_04_26/raw/node_optimized__stress_four__repeat_3.log,runs/run01_19_30_15_04_26/raw/node_optimized__stress_four__repeat_3.log,,{}
run01_19_30_15_04_26,1,2026-04-15T19:30:34,stress,Stress,macos,arm64,node_optimized,node,optimized,stress_four,false,4,750000,4,187500,0,hrtime_ns,94013000,125.35066666666667,62.675333333333334,,,,17898040796590727156,high,single_core,unsupported,unsupported,Node runtime uses controller-side best effort only,93702,0,node,system,success,runs/run01_19_30_15_04_26/raw/node_optimized__stress_four__repeat_4.log,runs/run01_19_30_15_04_26/raw/node_optimized__stress_four__repeat_4.log,,{}
run01_19_30_15_04_26,1,2026-04-15T19:30:34,stress,Stress,macos,arm64,node_optimized,node,optimized,stress_four,false,5,750000,4,187500,0,hrtime_ns,66110708,88.14761066666667,44.07380533333333,,,,17898040796590727156,high,single_core,unsupported,unsupported,Node runtime uses controller-side best effort only,93703,0,node,system,success,runs/run01_19_30_15_04_26/raw/node_optimized__stress_four__repeat_5.log,runs/run01_19_30_15_04_26/raw/node_optimized__stress_four__repeat_5.log,,{}
run01_19_30_15_04_26,1,2026-04-15T19:30:34,stress,Stress,macos,arm64,node_optimized,node,optimized,stress_eight,true,1,1500000,8,187500,0,hrtime_ns,187917250,125.27816666666666,62.63908333333333,,,,11012296928664784958,high,single_core,unsupported,unsupported,Node runtime uses controller-side best effort only,93704,0,node,system,success,runs/run01_19_30_15_04_26/raw/node_optimized__stress_eight__warmup_1.log,runs/run01_19_30_15_04_26/raw/node_optimized__stress_eight__warmup_1.log,,{}
run01_19_30_15_04_26,1,2026-04-15T19:30:34,stress,Stress,macos,arm64,node_optimized,node,optimized,stress_eight,true,2,1500000,8,187500,0,hrtime_ns,135352083,90.234722,45.117361,,,,11012296928664784958,high,single_core,unsupported,unsupported,Node runtime uses controller-side best effort only,93705,0,node,system,success,runs/run01_19_30_15_04_26/raw/node_optimized__stress_eight__warmup_2.log,runs/run01_19_30_15_04_26/raw/node_optimized__stress_eight__warmup_2.log,,{}
run01_19_30_15_04_26,1,2026-04-15T19:30:34,stress,Stress,macos,arm64,node_optimized,node,optimized,stress_eight,false,1,1500000,8,187500,0,hrtime_ns,149074125,99.38275,49.691375,,,,11012296928664784958,high,single_core,unsupported,unsupported,Node runtime uses controller-side best effort only,93706,0,node,system,success,runs/run01_19_30_15_04_26/raw/node_optimized__stress_eight__repeat_1.log,runs/run01_19_30_15_04_26/raw/node_optimized__stress_eight__repeat_1.log,,{}
run01_19_30_15_04_26,1,2026-04-15T19:30:34,stress,Stress,macos,arm64,node_optimized,node,optimized,stress_eight,false,2,1500000,8,187500,0,hrtime_ns,136125250,90.75016666666667,45.375083333333336,,,,11012296928664784958,high,single_core,unsupported,unsupported,Node runtime uses controller-side best effort only,93707,0,node,system,success,runs/run01_19_30_15_04_26/raw/node_optimized__stress_eight__repeat_2.log,runs/run01_19_30_15_04_26/raw/node_optimized__stress_eight__repeat_2.log,,{}
run01_19_30_15_04_26,1,2026-04-15T19:30:34,stress,Stress,macos,arm64,node_optimized,node,optimized,stress_eight,false,3,1500000,8,187500,0,hrtime_ns,157743750,105.1625,52.58125,,,,11012296928664784958,high,single_core,unsupported,unsupported,Node runtime uses controller-side best effort only,93708,0,node,system,success,runs/run01_19_30_15_04_26/raw/node_optimized__stress_eight__repeat_3.log,runs/run01_19_30_15_04_26/raw/node_optimized__stress_eight__repeat_3.log,,{}
run01_19_30_15_04_26,1,2026-04-15T19:30:34,stress,Stress,macos,arm64,node_optimized,node,optimized,stress_eight,false,4,1500000,8,187500,0,hrtime_ns,158520958,105.68063866666667,52.84031933333333,,,,11012296928664784958,high,single_core,unsupported,unsupported,Node runtime uses controller-side best effort only,93709,0,node,system,success,runs/run01_19_30_15_04_26/raw/node_optimized__stress_eight__repeat_4.log,runs/run01_19_30_15_04_26/raw/node_optimized__stress_eight__repeat_4.log,,{}
run01_19_30_15_04_26,1,2026-04-15T19:30:34,stress,Stress,macos,arm64,node_optimized,node,optimized,stress_eight,false,5,1500000,8,187500,0,hrtime_ns,155296500,103.531,51.7655,,,,11012296928664784958,high,single_core,unsupported,unsupported,Node runtime uses controller-side best effort only,93710,0,node,system,success,runs/run01_19_30_15_04_26/raw/node_optimized__stress_eight__repeat_5.log,runs/run01_19_30_15_04_26/raw/node_optimized__stress_eight__repeat_5.log,,{}
run01_19_30_15_04_26,1,2026-04-15T19:30:34,stress,Stress,macos,arm64,java_sloppy,java,sloppy,stress_four,true,1,750000,4,187500,0,system_nano_time,8446167,11.261556,5.630778,,,,17898040796590727156,high,single_core,high,unsupported,Java benchmark uses controller-side best effort scheduling only,93711,1,java,system,success,runs/run01_19_30_15_04_26/raw/java_sloppy__stress_four__warmup_1.log,runs/run01_19_30_15_04_26/raw/java_sloppy__stress_four__warmup_1.log,,{}
run01_19_30_15_04_26,1,2026-04-15T19:30:34,stress,Stress,macos,arm64,java_sloppy,java,sloppy,stress_four,true,2,750000,4,187500,0,system_nano_time,7143333,9.524444,4.762222,,,,17898040796590727156,high,single_core,high,unsupported,Java benchmark uses controller-side best effort scheduling only,93712,1,java,system,success,runs/run01_19_30_15_04_26/raw/java_sloppy__stress_four__warmup_2.log,runs/run01_19_30_15_04_26/raw/java_sloppy__stress_four__warmup_2.log,,{}
run01_19_30_15_04_26,1,2026-04-15T19:30:34,stress,Stress,macos,arm64,java_sloppy,java,sloppy,stress_four,false,1,750000,4,187500,0,system_nano_time,6269625,8.3595,4.17975,,,,17898040796590727156,high,single_core,high,unsupported,Java benchmark uses controller-side best effort scheduling only,93713,1,java,system,success,runs/run01_19_30_15_04_26/raw/java_sloppy__stress_four__repeat_1.log,runs/run01_19_30_15_04_26/raw/java_sloppy__stress_four__repeat_1.log,,{}
run01_19_30_15_04_26,1,2026-04-15T19:30:34,stress,Stress,macos,arm64,java_sloppy,java,sloppy,stress_four,false,2,750000,4,187500,0,system_nano_time,6306291,8.408388,4.204194,,,,17898040796590727156,high,single_core,high,unsupported,Java benchmark uses controller-side best effort scheduling only,93714,1,java,system,success,runs/run01_19_30_15_04_26/raw/java_sloppy__stress_four__repeat_2.log,runs/run01_19_30_15_04_26/raw/java_sloppy__stress_four__repeat_2.log,,{}
run01_19_30_15_04_26,1,2026-04-15T19:30:34,stress,Stress,macos,arm64,java_sloppy,java,sloppy,stress_four,false,3,750000,4,187500,0,system_nano_time,6744833,8.993110666666666,4.496555333333333,,,,17898040796590727156,high,single_core,high,unsupported,Java benchmark uses controller-side best effort scheduling only,93715,1,java,system,success,runs/run01_19_30_15_04_26/raw/java_sloppy__stress_four__repeat_3.log,runs/run01_19_30_15_04_26/raw/java_sloppy__stress_four__repeat_3.log,,{}
run01_19_30_15_04_26,1,2026-04-15T19:30:34,stress,Stress,macos,arm64,java_sloppy,java,sloppy,stress_four,false,4,750000,4,187500,0,system_nano_time,7128333,9.504444,4.752222,,,,17898040796590727156,high,single_core,high,unsupported,Java benchmark uses controller-side best effort scheduling only,93716,1,java,system,success,runs/run01_19_30_15_04_26/raw/java_sloppy__stress_four__repeat_4.log,runs/run01_19_30_15_04_26/raw/java_sloppy__stress_four__repeat_4.log,,{}
run01_19_30_15_04_26,1,2026-04-15T19:30:34,stress,Stress,macos,arm64,java_sloppy,java,sloppy,stress_four,false,5,750000,4,187500,0,system_nano_time,26248834,34.998445333333336,17.499222666666668,,,,17898040796590727156,high,single_core,high,unsupported,Java benchmark uses controller-side best effort scheduling only,93717,1,java,system,success,runs/run01_19_30_15_04_26/raw/java_sloppy__stress_four__repeat_5.log,runs/run01_19_30_15_04_26/raw/java_sloppy__stress_four__repeat_5.log,,{}
run01_19_30_15_04_26,1,2026-04-15T19:30:34,stress,Stress,macos,arm64,java_sloppy,java,sloppy,stress_eight,true,1,300000,8,37500,0,system_nano_time,6063250,20.210833333333333,10.105416666666667,,,,8309680536024677694,high,single_core,high,unsupported,Java benchmark uses controller-side best effort scheduling only,93718,1,java,system,success,runs/run01_19_30_15_04_26/raw/java_sloppy__stress_eight__warmup_1.log,runs/run01_19_30_15_04_26/raw/java_sloppy__stress_eight__warmup_1.log,,{}
run01_19_30_15_04_26,1,2026-04-15T19:30:34,stress,Stress,macos,arm64,java_sloppy,java,sloppy,stress_eight,true,2,300000,8,37500,0,system_nano_time,4488625,14.962083333333334,7.481041666666667,,,,8309680536024677694,high,single_core,high,unsupported,Java benchmark uses controller-side best effort scheduling only,93719,1,java,system,success,runs/run01_19_30_15_04_26/raw/java_sloppy__stress_eight__warmup_2.log,runs/run01_19_30_15_04_26/raw/java_sloppy__stress_eight__warmup_2.log,,{}
run01_19_30_15_04_26,1,2026-04-15T19:30:34,stress,Stress,macos,arm64,java_sloppy,java,sloppy,stress_eight,false,1,300000,8,37500,0,system_nano_time,4424375,14.747916666666667,7.373958333333333,,,,8309680536024677694,high,single_core,high,unsupported,Java benchmark uses controller-side best effort scheduling only,93720,1,java,system,success,runs/run01_19_30_15_04_26/raw/java_sloppy__stress_eight__repeat_1.log,runs/run01_19_30_15_04_26/raw/java_sloppy__stress_eight__repeat_1.log,,{}
run01_19_30_15_04_26,1,2026-04-15T19:30:34,stress,Stress,macos,arm64,java_sloppy,java,sloppy,stress_eight,false,2,300000,8,37500,0,system_nano_time,3946250,13.154166666666667,6.577083333333333,,,,8309680536024677694,high,single_core,high,unsupported,Java benchmark uses controller-side best effort scheduling only,93721,1,java,system,success,runs/run01_19_30_15_04_26/raw/java_sloppy__stress_eight__repeat_2.log,runs/run01_19_30_15_04_26/raw/java_sloppy__stress_eight__repeat_2.log,,{}
run01_19_30_15_04_26,1,2026-04-15T19:30:34,stress,Stress,macos,arm64,java_sloppy,java,sloppy,stress_eight,false,3,300000,8,37500,0,system_nano_time,3915458,13.051526666666666,6.525763333333333,,,,8309680536024677694,high,single_core,high,unsupported,Java benchmark uses controller-side best effort scheduling only,93722,1,java,system,success,runs/run01_19_30_15_04_26/raw/java_sloppy__stress_eight__repeat_3.log,runs/run01_19_30_15_04_26/raw/java_sloppy__stress_eight__repeat_3.log,,{}
run01_19_30_15_04_26,1,2026-04-15T19:30:34,stress,Stress,macos,arm64,java_sloppy,java,sloppy,stress_eight,false,4,300000,8,37500,0,system_nano_time,3957000,13.19,6.595,,,,8309680536024677694,high,single_core,high,unsupported,Java benchmark uses controller-side best effort scheduling only,93723,1,java,system,success,runs/run01_19_30_15_04_26/raw/java_sloppy__stress_eight__repeat_4.log,runs/run01_19_30_15_04_26/raw/java_sloppy__stress_eight__repeat_4.log,,{}
run01_19_30_15_04_26,1,2026-04-15T19:30:34,stress,Stress,macos,arm64,java_sloppy,java,sloppy,stress_eight,false,5,300000,8,37500,0,system_nano_time,4531875,15.10625,7.553125,,,,8309680536024677694,high,single_core,high,unsupported,Java benchmark uses controller-side best effort scheduling only,93724,1,java,system,success,runs/run01_19_30_15_04_26/raw/java_sloppy__stress_eight__repeat_5.log,runs/run01_19_30_15_04_26/raw/java_sloppy__stress_eight__repeat_5.log,,{}
run01_19_30_15_04_26,1,2026-04-15T19:30:34,stress,Stress,macos,arm64,java_optimized,java,optimized,stress_four,true,1,750000,4,187500,0,system_nano_time,3060167,4.080222666666667,2.0401113333333334,,,,17898040796590727156,high,single_core,high,unsupported,Java benchmark uses controller-side best effort scheduling only,93725,1,java,system,success,runs/run01_19_30_15_04_26/raw/java_optimized__stress_four__warmup_1.log,runs/run01_19_30_15_04_26/raw/java_optimized__stress_four__warmup_1.log,,{}
run01_19_30_15_04_26,1,2026-04-15T19:30:34,stress,Stress,macos,arm64,java_optimized,java,optimized,stress_four,true,2,750000,4,187500,0,system_nano_time,3452875,4.603833333333333,2.3019166666666666,,,,17898040796590727156,high,single_core,high,unsupported,Java benchmark uses controller-side best effort scheduling only,93726,1,java,system,success,runs/run01_19_30_15_04_26/raw/java_optimized__stress_four__warmup_2.log,runs/run01_19_30_15_04_26/raw/java_optimized__stress_four__warmup_2.log,,{}
run01_19_30_15_04_26,1,2026-04-15T19:30:34,stress,Stress,macos,arm64,java_optimized,java,optimized,stress_four,false,1,750000,4,187500,0,system_nano_time,3983166,5.310888,2.655444,,,,17898040796590727156,high,single_core,high,unsupported,Java benchmark uses controller-side best effort scheduling only,93727,1,java,system,success,runs/run01_19_30_15_04_26/raw/java_optimized__stress_four__repeat_1.log,runs/run01_19_30_15_04_26/raw/java_optimized__stress_four__repeat_1.log,,{}
run01_19_30_15_04_26,1,2026-04-15T19:30:34,stress,Stress,macos,arm64,java_optimized,java,optimized,stress_four,false,2,750000,4,187500,0,system_nano_time,4229416,5.639221333333333,2.8196106666666667,,,,17898040796590727156,high,single_core,high,unsupported,Java benchmark uses controller-side best effort scheduling only,93728,1,java,system,success,runs/run01_19_30_15_04_26/raw/java_optimized__stress_four__repeat_2.log,runs/run01_19_30_15_04_26/raw/java_optimized__stress_four__repeat_2.log,,{}
run01_19_30_15_04_26,1,2026-04-15T19:30:34,stress,Stress,macos,arm64,java_optimized,java,optimized,stress_four,false,3,750000,4,187500,0,system_nano_time,4665750,6.221,3.1105,,,,17898040796590727156,high,single_core,high,unsupported,Java benchmark uses controller-side best effort scheduling only,93729,1,java,system,success,runs/run01_19_30_15_04_26/raw/java_optimized__stress_four__repeat_3.log,runs/run01_19_30_15_04_26/raw/java_optimized__stress_four__repeat_3.log,,{}
run01_19_30_15_04_26,1,2026-04-15T19:30:34,stress,Stress,macos,arm64,java_optimized,java,optimized,stress_four,false,4,750000,4,187500,0,system_nano_time,3424500,4.566,2.283,,,,17898040796590727156,high,single_core,high,unsupported,Java benchmark uses controller-side best effort scheduling only,93730,1,java,system,success,runs/run01_19_30_15_04_26/raw/java_optimized__stress_four__repeat_4.log,runs/run01_19_30_15_04_26/raw/java_optimized__stress_four__repeat_4.log,,{}
run01_19_30_15_04_26,1,2026-04-15T19:30:34,stress,Stress,macos,arm64,java_optimized,java,optimized,stress_four,false,5,750000,4,187500,0,system_nano_time,3057667,4.076889333333333,2.0384446666666665,,,,17898040796590727156,high,single_core,high,unsupported,Java benchmark uses controller-side best effort scheduling only,93731,1,java,system,success,runs/run01_19_30_15_04_26/raw/java_optimized__stress_four__repeat_5.log,runs/run01_19_30_15_04_26/raw/java_optimized__stress_four__repeat_5.log,,{}
run01_19_30_15_04_26,1,2026-04-15T19:30:34,stress,Stress,macos,arm64,java_optimized,java,optimized,stress_eight,true,1,1500000,8,187500,0,system_nano_time,6454084,4.302722666666667,2.1513613333333335,,,,11012296928664784958,high,single_core,high,unsupported,Java benchmark uses controller-side best effort scheduling only,93732,1,java,system,success,runs/run01_19_30_15_04_26/raw/java_optimized__stress_eight__warmup_1.log,runs/run01_19_30_15_04_26/raw/java_optimized__stress_eight__warmup_1.log,,{}
run01_19_30_15_04_26,1,2026-04-15T19:30:34,stress,Stress,macos,arm64,java_optimized,java,optimized,stress_eight,true,2,1500000,8,187500,0,system_nano_time,6587834,4.391889333333333,2.1959446666666667,,,,11012296928664784958,high,single_core,high,unsupported,Java benchmark uses controller-side best effort scheduling only,93733,1,java,system,success,runs/run01_19_30_15_04_26/raw/java_optimized__stress_eight__warmup_2.log,runs/run01_19_30_15_04_26/raw/java_optimized__stress_eight__warmup_2.log,,{}
run01_19_30_15_04_26,1,2026-04-15T19:30:34,stress,Stress,macos,arm64,java_optimized,java,optimized,stress_eight,false,1,1500000,8,187500,0,system_nano_time,7937250,5.2915,2.64575,,,,11012296928664784958,high,single_core,high,unsupported,Java benchmark uses controller-side best effort scheduling only,93734,1,java,system,success,runs/run01_19_30_15_04_26/raw/java_optimized__stress_eight__repeat_1.log,runs/run01_19_30_15_04_26/raw/java_optimized__stress_eight__repeat_1.log,,{}
run01_19_30_15_04_26,1,2026-04-15T19:30:34,stress,Stress,macos,arm64,java_optimized,java,optimized,stress_eight,false,2,1500000,8,187500,0,system_nano_time,9812459,6.541639333333333,3.2708196666666667,,,,11012296928664784958,high,single_core,high,unsupported,Java benchmark uses controller-side best effort scheduling only,93735,1,java,system,success,runs/run01_19_30_15_04_26/raw/java_optimized__stress_eight__repeat_2.log,runs/run01_19_30_15_04_26/raw/java_optimized__stress_eight__repeat_2.log,,{}
run01_19_30_15_04_26,1,2026-04-15T19:30:34,stress,Stress,macos,arm64,java_optimized,java,optimized,stress_eight,false,3,1500000,8,187500,0,system_nano_time,10135125,6.75675,3.378375,,,,11012296928664784958,high,single_core,high,unsupported,Java benchmark uses controller-side best effort scheduling only,93736,1,java,system,success,runs/run01_19_30_15_04_26/raw/java_optimized__stress_eight__repeat_3.log,runs/run01_19_30_15_04_26/raw/java_optimized__stress_eight__repeat_3.log,,{}
run01_19_30_15_04_26,1,2026-04-15T19:30:34,stress,Stress,macos,arm64,java_optimized,java,optimized,stress_eight,false,4,1500000,8,187500,0,system_nano_time,13908209,9.272139333333334,4.636069666666667,,,,11012296928664784958,high,single_core,high,unsupported,Java benchmark uses controller-side best effort scheduling only,93737,1,java,system,success,runs/run01_19_30_15_04_26/raw/java_optimized__stress_eight__repeat_4.log,runs/run01_19_30_15_04_26/raw/java_optimized__stress_eight__repeat_4.log,,{}
run01_19_30_15_04_26,1,2026-04-15T19:30:34,stress,Stress,macos,arm64,java_optimized,java,optimized,stress_eight,false,5,1500000,8,187500,0,system_nano_time,7444500,4.963,2.4815,,,,11012296928664784958,high,single_core,high,unsupported,Java benchmark uses controller-side best effort scheduling only,93738,1,java,system,success,runs/run01_19_30_15_04_26/raw/java_optimized__stress_eight__repeat_5.log,runs/run01_19_30_15_04_26/raw/java_optimized__stress_eight__repeat_5.log,,{}
run02_19_33_15_04_26,2,2026-04-15T19:33:06,smoke,Smoke,macos,arm64,c_native,c,native,quick_single,true,1,20000,1,20000,0,clock_gettime_ns,79000,3.95,1.975,,,,8111950104458595269,high,single_core,unsupported,unsupported,best-effort scheduler controls unavailable on this host,93802,8235830272,native,bundled,success,runs/run02_19_33_15_04_26/raw/c_native__quick_single__warmup_1.log,runs/run02_19_33_15_04_26/raw/c_native__quick_single__warmup_1.log,,"{""counter_frequency"": 0}"
run02_19_33_15_04_26,2,2026-04-15T19:33:06,smoke,Smoke,macos,arm64,c_native,c,native,quick_single,false,1,20000,1,20000,0,clock_gettime_ns,81000,4.05,2.025,,,,8111950104458595269,high,single_core,unsupported,unsupported,best-effort scheduler controls unavailable on this host,93803,8235830272,native,bundled,success,runs/run02_19_33_15_04_26/raw/c_native__quick_single__repeat_1.log,runs/run02_19_33_15_04_26/raw/c_native__quick_single__repeat_1.log,,"{""counter_frequency"": 0}"
run02_19_33_15_04_26,2,2026-04-15T19:33:06,smoke,Smoke,macos,arm64,c_native,c,native,quick_parallel,true,1,40000,4,10000,0,clock_gettime_ns,13000,0.325,0.1625,,,,9095820053878083041,high,single_core,unsupported,unsupported,best-effort scheduler controls unavailable on this host,93804,8235830272,native,bundled,success,runs/run02_19_33_15_04_26/raw/c_native__quick_parallel__warmup_1.log,runs/run02_19_33_15_04_26/raw/c_native__quick_parallel__warmup_1.log,,"{""counter_frequency"": 0}"
run02_19_33_15_04_26,2,2026-04-15T19:33:06,smoke,Smoke,macos,arm64,c_native,c,native,quick_parallel,false,1,40000,4,10000,0,clock_gettime_ns,13000,0.325,0.1625,,,,9095820053878083041,high,single_core,unsupported,unsupported,best-effort scheduler controls unavailable on this host,93805,8235830272,native,bundled,success,runs/run02_19_33_15_04_26/raw/c_native__quick_parallel__repeat_1.log,runs/run02_19_33_15_04_26/raw/c_native__quick_parallel__repeat_1.log,,"{""counter_frequency"": 0}"
run02_19_33_15_04_26,2,2026-04-15T19:33:06,smoke,Smoke,macos,arm64,python_sloppy,python,sloppy,quick_single,true,1,20000,1,20000,0,perf_counter_ns,5163167,258.15835,129.079175,,,,8111950104458595269,high,single_core,unsupported,unsupported,priority elevation unavailable; affinity control unavailable,93806,20649230,python,system,success,runs/run02_19_33_15_04_26/raw/python_sloppy__quick_single__warmup_1.log,runs/run02_19_33_15_04_26/raw/python_sloppy__quick_single__warmup_1.log,,{}
run02_19_33_15_04_26,2,2026-04-15T19:33:06,smoke,Smoke,macos,arm64,python_sloppy,python,sloppy,quick_single,false,1,20000,1,20000,0,perf_counter_ns,5288417,264.42085,132.210425,,,,8111950104458595269,high,single_core,unsupported,unsupported,priority elevation unavailable; affinity control unavailable,93808,20649236,python,system,success,runs/run02_19_33_15_04_26/raw/python_sloppy__quick_single__repeat_1.log,runs/run02_19_33_15_04_26/raw/python_sloppy__quick_single__repeat_1.log,,{}
run02_19_33_15_04_26,2,2026-04-15T19:33:06,smoke,Smoke,macos,arm64,python_sloppy,python,sloppy,quick_parallel,true,1,40000,4,10000,0,perf_counter_ns,9283458,232.08645,116.043225,,,,9095820053878083041,high,single_core,unsupported,unsupported,priority elevation unavailable; affinity control unavailable,93809,20649241,python,system,success,runs/run02_19_33_15_04_26/raw/python_sloppy__quick_parallel__warmup_1.log,runs/run02_19_33_15_04_26/raw/python_sloppy__quick_parallel__warmup_1.log,,{}
run02_19_33_15_04_26,2,2026-04-15T19:33:06,smoke,Smoke,macos,arm64,python_sloppy,python,sloppy,quick_parallel,false,1,40000,4,10000,0,perf_counter_ns,8961625,224.040625,112.0203125,,,,9095820053878083041,high,single_core,unsupported,unsupported,priority elevation unavailable; affinity control unavailable,93810,20649244,python,system,success,runs/run02_19_33_15_04_26/raw/python_sloppy__quick_parallel__repeat_1.log,runs/run02_19_33_15_04_26/raw/python_sloppy__quick_parallel__repeat_1.log,,{}
run02_19_33_15_04_26,2,2026-04-15T19:33:06,smoke,Smoke,macos,arm64,python_optimized,python,optimized,quick_single,true,1,20000,1,20000,0,perf_counter_ns,5032583,251.62915,125.814575,,,,8111950104458595269,high,single_core,unsupported,unsupported,priority elevation unavailable; affinity control unavailable,93811,20649248,python,system,success,runs/run02_19_33_15_04_26/raw/python_optimized__quick_single__warmup_1.log,runs/run02_19_33_15_04_26/raw/python_optimized__quick_single__warmup_1.log,,{}
run02_19_33_15_04_26,2,2026-04-15T19:33:06,smoke,Smoke,macos,arm64,python_optimized,python,optimized,quick_single,false,1,20000,1,20000,0,perf_counter_ns,7987875,399.39375,199.696875,,,,8111950104458595269,high,single_core,unsupported,unsupported,priority elevation unavailable; affinity control unavailable,93814,20649261,python,system,success,runs/run02_19_33_15_04_26/raw/python_optimized__quick_single__repeat_1.log,runs/run02_19_33_15_04_26/raw/python_optimized__quick_single__repeat_1.log,,{}
run02_19_33_15_04_26,2,2026-04-15T19:33:06,smoke,Smoke,macos,arm64,python_optimized,python,optimized,quick_parallel,true,1,40000,4,10000,0,perf_counter_ns,14160916,354.0229,177.01145,,,,9095820053878083041,high,single_core,unsupported,unsupported,priority elevation unavailable; affinity control unavailable,93816,20649271,python,system,success,runs/run02_19_33_15_04_26/raw/python_optimized__quick_parallel__warmup_1.log,runs/run02_19_33_15_04_26/raw/python_optimized__quick_parallel__warmup_1.log,,{}
run02_19_33_15_04_26,2,2026-04-15T19:33:06,smoke,Smoke,macos,arm64,python_optimized,python,optimized,quick_parallel,false,1,40000,4,10000,0,perf_counter_ns,15784292,394.6073,197.30365,,,,9095820053878083041,high,single_core,unsupported,unsupported,priority elevation unavailable; affinity control unavailable,93819,20649286,python,system,success,runs/run02_19_33_15_04_26/raw/python_optimized__quick_parallel__repeat_1.log,runs/run02_19_33_15_04_26/raw/python_optimized__quick_parallel__repeat_1.log,,{}
run02_19_33_15_04_26,2,2026-04-15T19:33:06,smoke,Smoke,macos,arm64,node_sloppy,node,sloppy,quick_single,true,1,20000,1,20000,0,hrtime_ns,13115583,655.77915,327.889575,,,,8111950104458595269,high,single_core,unsupported,unsupported,Node runtime uses controller-side best effort only,93821,0,node,system,success,runs/run02_19_33_15_04_26/raw/node_sloppy__quick_single__warmup_1.log,runs/run02_19_33_15_04_26/raw/node_sloppy__quick_single__warmup_1.log,,{}
run02_19_33_15_04_26,2,2026-04-15T19:33:06,smoke,Smoke,macos,arm64,node_sloppy,node,sloppy,quick_single,false,1,20000,1,20000,0,hrtime_ns,6872750,343.6375,171.81875,,,,8111950104458595269,high,single_core,unsupported,unsupported,Node runtime uses controller-side best effort only,93822,0,node,system,success,runs/run02_19_33_15_04_26/raw/node_sloppy__quick_single__repeat_1.log,runs/run02_19_33_15_04_26/raw/node_sloppy__quick_single__repeat_1.log,,{}
run02_19_33_15_04_26,2,2026-04-15T19:33:06,smoke,Smoke,macos,arm64,node_sloppy,node,sloppy,quick_parallel,true,1,40000,4,10000,0,hrtime_ns,7735125,193.378125,96.6890625,,,,9095820053878083041,high,single_core,unsupported,unsupported,Node runtime uses controller-side best effort only,93823,0,node,system,success,runs/run02_19_33_15_04_26/raw/node_sloppy__quick_parallel__warmup_1.log,runs/run02_19_33_15_04_26/raw/node_sloppy__quick_parallel__warmup_1.log,,{}
run02_19_33_15_04_26,2,2026-04-15T19:33:06,smoke,Smoke,macos,arm64,node_sloppy,node,sloppy,quick_parallel,false,1,40000,4,10000,0,hrtime_ns,7599083,189.977075,94.9885375,,,,9095820053878083041,high,single_core,unsupported,unsupported,Node runtime uses controller-side best effort only,93824,0,node,system,success,runs/run02_19_33_15_04_26/raw/node_sloppy__quick_parallel__repeat_1.log,runs/run02_19_33_15_04_26/raw/node_sloppy__quick_parallel__repeat_1.log,,{}
run02_19_33_15_04_26,2,2026-04-15T19:33:06,smoke,Smoke,macos,arm64,node_optimized,node,optimized,quick_single,true,1,20000,1,20000,0,hrtime_ns,6094833,304.74165,152.370825,,,,8111950104458595269,high,single_core,unsupported,unsupported,Node runtime uses controller-side best effort only,93825,0,node,system,success,runs/run02_19_33_15_04_26/raw/node_optimized__quick_single__warmup_1.log,runs/run02_19_33_15_04_26/raw/node_optimized__quick_single__warmup_1.log,,{}
run02_19_33_15_04_26,2,2026-04-15T19:33:06,smoke,Smoke,macos,arm64,node_optimized,node,optimized,quick_single,false,1,20000,1,20000,0,hrtime_ns,6405250,320.2625,160.13125,,,,8111950104458595269,high,single_core,unsupported,unsupported,Node runtime uses controller-side best effort only,93826,0,node,system,success,runs/run02_19_33_15_04_26/raw/node_optimized__quick_single__repeat_1.log,runs/run02_19_33_15_04_26/raw/node_optimized__quick_single__repeat_1.log,,{}
run02_19_33_15_04_26,2,2026-04-15T19:33:06,smoke,Smoke,macos,arm64,node_optimized,node,optimized,quick_parallel,true,1,40000,4,10000,0,hrtime_ns,6929375,173.234375,86.6171875,,,,9095820053878083041,high,single_core,unsupported,unsupported,Node runtime uses controller-side best effort only,93827,0,node,system,success,runs/run02_19_33_15_04_26/raw/node_optimized__quick_parallel__warmup_1.log,runs/run02_19_33_15_04_26/raw/node_optimized__quick_parallel__warmup_1.log,,{}
run02_19_33_15_04_26,2,2026-04-15T19:33:06,smoke,Smoke,macos,arm64,node_optimized,node,optimized,quick_parallel,false,1,40000,4,10000,0,hrtime_ns,7944292,198.6073,99.30365,,,,9095820053878083041,high,single_core,unsupported,unsupported,Node runtime uses controller-side best effort only,93828,0,node,system,success,runs/run02_19_33_15_04_26/raw/node_optimized__quick_parallel__repeat_1.log,runs/run02_19_33_15_04_26/raw/node_optimized__quick_parallel__repeat_1.log,,{}
run02_19_33_15_04_26,2,2026-04-15T19:33:06,smoke,Smoke,macos,arm64,java_sloppy,java,sloppy,quick_single,true,1,20000,1,20000,0,system_nano_time,1607417,80.37085,40.185425,,,,8111950104458595269,high,single_core,high,unsupported,Java benchmark uses controller-side best effort scheduling only,93829,1,java,system,success,runs/run02_19_33_15_04_26/raw/java_sloppy__quick_single__warmup_1.log,runs/run02_19_33_15_04_26/raw/java_sloppy__quick_single__warmup_1.log,,{}
run02_19_33_15_04_26,2,2026-04-15T19:33:06,smoke,Smoke,macos,arm64,java_sloppy,java,sloppy,quick_single,false,1,20000,1,20000,0,system_nano_time,1629834,81.4917,40.74585,,,,8111950104458595269,high,single_core,high,unsupported,Java benchmark uses controller-side best effort scheduling only,93830,1,java,system,success,runs/run02_19_33_15_04_26/raw/java_sloppy__quick_single__repeat_1.log,runs/run02_19_33_15_04_26/raw/java_sloppy__quick_single__repeat_1.log,,{}
run02_19_33_15_04_26,2,2026-04-15T19:33:06,smoke,Smoke,macos,arm64,java_sloppy,java,sloppy,quick_parallel,true,1,40000,4,10000,0,system_nano_time,2137125,53.428125,26.7140625,,,,9095820053878083041,high,single_core,high,unsupported,Java benchmark uses controller-side best effort scheduling only,93831,1,java,system,success,runs/run02_19_33_15_04_26/raw/java_sloppy__quick_parallel__warmup_1.log,runs/run02_19_33_15_04_26/raw/java_sloppy__quick_parallel__warmup_1.log,,{}
run02_19_33_15_04_26,2,2026-04-15T19:33:06,smoke,Smoke,macos,arm64,java_sloppy,java,sloppy,quick_parallel,false,1,40000,4,10000,0,system_nano_time,2137708,53.4427,26.72135,,,,9095820053878083041,high,single_core,high,unsupported,Java benchmark uses controller-side best effort scheduling only,93832,1,java,system,success,runs/run02_19_33_15_04_26/raw/java_sloppy__quick_parallel__repeat_1.log,runs/run02_19_33_15_04_26/raw/java_sloppy__quick_parallel__repeat_1.log,,{}
run02_19_33_15_04_26,2,2026-04-15T19:33:06,smoke,Smoke,macos,arm64,java_optimized,java,optimized,quick_single,true,1,20000,1,20000,0,system_nano_time,1393792,69.6896,34.8448,,,,8111950104458595269,high,single_core,high,unsupported,Java benchmark uses controller-side best effort scheduling only,93833,1,java,system,success,runs/run02_19_33_15_04_26/raw/java_optimized__quick_single__warmup_1.log,runs/run02_19_33_15_04_26/raw/java_optimized__quick_single__warmup_1.log,,{}
run02_19_33_15_04_26,2,2026-04-15T19:33:06,smoke,Smoke,macos,arm64,java_optimized,java,optimized,quick_single,false,1,20000,1,20000,0,system_nano_time,1425083,71.25415,35.627075,,,,8111950104458595269,high,single_core,high,unsupported,Java benchmark uses controller-side best effort scheduling only,93834,1,java,system,success,runs/run02_19_33_15_04_26/raw/java_optimized__quick_single__repeat_1.log,runs/run02_19_33_15_04_26/raw/java_optimized__quick_single__repeat_1.log,,{}
run02_19_33_15_04_26,2,2026-04-15T19:33:06,smoke,Smoke,macos,arm64,java_optimized,java,optimized,quick_parallel,true,1,40000,4,10000,0,system_nano_time,508583,12.714575,6.3572875,,,,9095820053878083041,high,single_core,high,unsupported,Java benchmark uses controller-side best effort scheduling only,93835,1,java,system,success,runs/run02_19_33_15_04_26/raw/java_optimized__quick_parallel__warmup_1.log,runs/run02_19_33_15_04_26/raw/java_optimized__quick_parallel__warmup_1.log,,{}
run02_19_33_15_04_26,2,2026-04-15T19:33:06,smoke,Smoke,macos,arm64,java_optimized,java,optimized,quick_parallel,false,1,40000,4,10000,0,system_nano_time,510166,12.75415,6.377075,,,,9095820053878083041,high,single_core,high,unsupported,Java benchmark uses controller-side best effort scheduling only,93836,1,java,system,success,runs/run02_19_33_15_04_26/raw/java_optimized__quick_parallel__repeat_1.log,runs/run02_19_33_15_04_26/raw/java_optimized__quick_parallel__repeat_1.log,,{}
